{"count":1,"self":4.8869552,"total":28.229931999999998,"children":{"AgentSendState":{"count":16266,"self":0.15806199999999998,"total":0.86725599999999992,"children":{"CollectObservations":{"count":16266,"self":0.076149,"total":0.076149,"children":null},"CollectDiscreteActionMasks":{"count":16266,"self":0.024647,"total":0.024647,"children":null},"AgentInfo.ToProto":{"count":16266,"self":0.075638,"total":0.608398,"children":{"GenerateSensorData":{"count":16266,"self":0.16589399999999999,"total":0.53276,"children":{"RayPerceptionSensor.Perceive":{"count":16266,"self":0.36686599999999997,"total":0.36686599999999997,"children":null}}}}}}},"DecideAction":{"count":16266,"self":22.403838399999998,"total":22.403838999999998,"children":null},"AgentAct":{"count":16266,"self":0.066542999999999991,"total":0.066542999999999991,"children":null},"AgentInfo.ToProto":{"count":102,"self":0.00049199999999999992,"total":0.0035889999999999997,"children":{"GenerateSensorData":{"count":102,"self":0.00077299999999999992,"total":0.003097,"children":{"RayPerceptionSensor.Perceive":{"count":102,"self":0.002324,"total":0.002324,"children":null}}}}}},"gauges":{"My Behavior.CumulativeReward":{"count":102,"max":1,"min":0,"runningAverage":0.872549,"value":1,"weightedAverage":0.9666822}},"metadata":{"timer_format_version":"0.1.0","start_time_seconds":"1640353993","unity_version":"2020.3.2f1","command_line_arguments":"\/home\/luca\/Scrivania\/Curriculum-Learning-for-Safe-Mapless-Navigation\/.\/envs\/finalEnv\/kairos.x86_64 --mlagents-port 5478","communication_protocol_version":"1.0.0","com.unity.ml-agents_version":"1.0.8","scene_name":"MainScene","end_time_seconds":"1640354021"}}